{
  "DynamicAnalysisFrameworkDetection_JAVA_1": 1,
  "EmulatorDetection_NATIVE": 0,
  "EmulatorDetection_JAVA": 0,
  "SignatureChecking_NATIVE": 0,
  "CodeIntegrityChecking_JAVA": 0,
  "DebuggerDetection_JAVA_1": 1,
  "SignatureChecking_JAVA": 0,
  "DebuggerDetection_NATIVE": 0,
  "SafetyNetAttestation_JAVA": 0,
  "InstallerVerification_JAVA": 0,
  "DebuggableStatusDetection_JAVA": 0,
  "DebuggableStatusDetection_NATIVE": 0,
  "DynamicAnalysisFrameworkDetection_NATIVE": 0,
  "TimeChecks_JAVA_1": 1,
  "EmulatorDetection_JAVA_1": 1,
  "TimeChecks_JAVA_2": 1,
  "DebuggerDetection_JAVA_2": 1,
  "SignatureChecking_JAVA_1": 1,
  "DynamicAnalysisFrameworkDetection_JAVA": 0,
  "AlteringDebuggerMemoryStructure_NATIVE": 0,
  "InstallerVerification_JAVA_1": 1
}