{"protectionCategory": [
  {
    "protection": [
      {
        "javaLevelPatterns": [
          {
            "strings": [
              [
                "MD2",
                0,
                0
              ],
              [
                "MD5",
                19,
                6
              ],
              [
                "SHA",
                0,
                0
              ],
              [
                "SHA-1",
                7,
                3
              ],
              [
                "SHA-224",
                0,
                0
              ],
              [
                "SHA-256",
                1,
                0
              ],
              [
                "SHA-384",
                0,
                0
              ],
              [
                "SHA-512",
                1,
                0
              ],
              [
                "No package found for authority: ",
                1,
                0
              ],
              [
                "Found content provider ",
                0,
                0
              ],
              [
                ", but package was not ",
                0,
                0
              ],
              [
                "java.security.MessageDigest",
                0,
                0
              ],
              [
                "android.content.pm.PackageInfo",
                0,
                0
              ],
              [
                "android.content.pm.Signature",
                0,
                0
              ],
              [
                "android.content.pm.PackageManager",
                0,
                0
              ],
              [
                "android.content.Context",
                0,
                0
              ],
              [
                "android.content.pm.VersionedPackage",
                0,
                0
              ],
              [
                "android.content.pm.SigningInfo",
                0,
                0
              ],
              [
                "getInstance",
                2,
                1
              ],
              [
                "update",
                4,
                4
              ],
              [
                "digest",
                0,
                0
              ],
              [
                "getPackageInfo",
                0,
                0
              ],
              [
                "toByteArray",
                0,
                0
              ],
              [
                "getPackageManager",
                0,
                0
              ],
              [
                "getPackageName",
                0,
                0
              ],
              [
                "getApkContentsSigners",
                0,
                0
              ],
              [
                "getSigningCertificateHistory",
                0,
                0
              ],
              [
                "GET_SIGNATURES",
                0,
                0
              ],
              [
                "GET_SIGNING_CERTIFICATES",
                0,
                0
              ],
              [
                "signatures",
                0,
                0
              ]
            ],
            "methods": [
              [
                "java/security/MessageDigest.getInstance",
                22,
                9
              ],
              [
                "java/security/MessageDigest.update",
                18,
                6
              ],
              [
                "java/security/MessageDigest.digest",
                23,
                9
              ],
              [
                "android/content/pm/PackageManager.getPackageInfo",
                39,
                5
              ],
              [
                "android/content/pm/Signature.toByteArray",
                7,
                0
              ],
              [
                "android/content/Context.getPackageManager",
                122,
                15
              ],
              [
                "android/content/Context.getPackageName",
                125,
                14
              ],
              [
                "android/content/pm/SigningInfo.getApkContentsSigners",
                0,
                0
              ],
              [
                "android/content/pm/SigningInfo.getSigningCertificateHistory",
                0,
                0
              ]
            ],
            "classes": [
              [
                "java/security/MessageDigest",
                67,
                25
              ],
              [
                "android/content/pm/PackageInfo",
                60,
                5
              ],
              [
                "android/content/pm/Signature",
                9,
                0
              ],
              [
                "android/content/pm/PackageManager",
                157,
                19
              ],
              [
                "android/content/Context",
                1282,
                226
              ],
              [
                "android/content/pm/VersionedPackage",
                0,
                0
              ],
              [
                "android/content/pm/SigningInfo",
                0,
                0
              ]
            ],
            "attributes": [
              [
                "android/content/pm/PackageManager.GET_SIGNATURES",
                0,
                0
              ],
              [
                "android/content/pm/PackageManager.GET_SIGNING_CERTIFICATES",
                0,
                0
              ],
              [
                "android/content/pm/PackageInfo.signatures",
                18,
                0
              ]
            ]
          },
          1,
          0
        ],
        "_nameOfTheProtection": [
          "SignatureChecking",
          0,
          0
        ],
        "nativeLevelPatterns": [
          {
            "strings": [
              [
                "META-INF/",
                0,
                0
              ],
              [
                ".RSA",
                0,
                0
              ],
              [
                ".DSA",
                0,
                0
              ],
              [
                ".EC",
                0,
                0
              ],
              [
                "/proc/self/cmdline",
                0,
                0
              ],
              [
                "/proc/self/maps",
                0,
                0
              ],
              [
                "tbsCertificate",
                0,
                0
              ],
              [
                "version",
                0,
                0
              ],
              [
                "serialNumber",
                0,
                0
              ],
              [
                "signature",
                0,
                0
              ],
              [
                "issuer",
                0,
                0
              ],
              [
                "validity",
                0,
                0
              ],
              [
                "subject",
                0,
                0
              ],
              [
                "subjectPublicKeyInfo",
                0,
                0
              ],
              [
                "issuerUniqueID-[optional]",
                0,
                0
              ],
              [
                "subjectUniqueID-[optional]",
                0,
                0
              ],
              [
                "extensions-[optional]",
                0,
                0
              ],
              [
                "signatureAlgorithm",
                0,
                0
              ],
              [
                "signatureValue",
                0,
                0
              ],
              [
                "version",
                0,
                0
              ],
              [
                "issuerAndSerialNumber",
                0,
                0
              ],
              [
                "digestAlgorithmId",
                0,
                0
              ],
              [
                "authenticatedAttributes-[optional]",
                0,
                0
              ],
              [
                "digestEncryptionAlgorithmId",
                0,
                0
              ],
              [
                "encryptedDigest",
                0,
                0
              ],
              [
                "unauthenticatedAttributes-[optional]",
                0,
                0
              ],
              [
                "version",
                0,
                0
              ],
              [
                "DigestAlgorithms",
                0,
                0
              ],
              [
                "contentInfo",
                0,
                0
              ],
              [
                "certificates-[optional]",
                0,
                0
              ],
              [
                "crls-[optional]",
                0,
                0
              ],
              [
                "signerInfos",
                0,
                0
              ],
              [
                "signerInfo",
                0,
                0
              ]
            ],
            "importedSymbols": []
          },
          0,
          0
        ]
      },
      {
        "javaLevelPatterns": [
          {
            "strings": [
              [
                "classes.dex",
                1,
                0
              ],
              [
                "classes2.dex",
                0,
                0
              ],
              [
                "classes3.dex",
                0,
                0
              ],
              [
                "classes4.dex",
                0,
                0
              ],
              [
                "classes5.dex",
                0,
                0
              ],
              [
                "MultiDexExtractor.load(",
                1,
                0
              ],
              [
                "java.util.zip.ZipFile",
                0,
                0
              ],
              [
                "java.util.zip.ZipEntry",
                0,
                0
              ],
              [
                "java.util.jar.JarFile",
                0,
                0
              ],
              [
                "java.util.jar.JarEntry",
                0,
                0
              ],
              [
                "java.util.zip.Adler32",
                0,
                0
              ],
              [
                "java.util.zip.CRC32",
                0,
                0
              ],
              [
                "android.content.Context",
                0,
                0
              ],
              [
                "android.content.pm.ApplicationInfo",
                0,
                0
              ],
              [
                "getPackageCodePath",
                0,
                0
              ],
              [
                "getCrc",
                0,
                0
              ],
              [
                "getCrc",
                0,
                0
              ],
              [
                "update",
                4,
                4
              ],
              [
                "update",
                4,
                4
              ],
              [
                "getValue",
                0,
                0
              ],
              [
                "getValue",
                0,
                0
              ],
              [
                "getEntry",
                0,
                0
              ],
              [
                "entries",
                0,
                0
              ],
              [
                "getEntry",
                0,
                0
              ],
              [
                "entries",
                0,
                0
              ],
              [
                "getJarEntry",
                0,
                0
              ],
              [
                "getString",
                0,
                0
              ],
              [
                "sourceDir",
                0,
                0
              ]
            ],
            "methods": [
              [
                "android/content/Context.getPackageCodePath",
                0,
                0
              ],
              [
                "java/util/jar/JarEntry.getCrc",
                0,
                0
              ],
              [
                "java/util/zip/ZipEntry.getCrc",
                0,
                0
              ],
              [
                "java/util/zip/Adler32.update",
                0,
                0
              ],
              [
                "java/util/zip/CRC32.update",
                2,
                1
              ],
              [
                "java/util/zip/Adler32.getValue",
                0,
                0
              ],
              [
                "java/util/zip/CRC32.getValue",
                3,
                2
              ],
              [
                "java/util/zip/ZipFile.getEntry",
                2,
                0
              ],
              [
                "java/util/zip/ZipFile.entries",
                0,
                0
              ],
              [
                "java/util/jar/JarFile.getEntry",
                0,
                0
              ],
              [
                "java/util/jar/JarFile.entries",
                0,
                0
              ],
              [
                "java/util/jar/JarFile.getJarEntry",
                0,
                0
              ],
              [
                "android/content/Context.getString",
                60,
                46
              ]
            ],
            "classes": [
              [
                "java/util/zip/ZipFile",
                9,
                0
              ],
              [
                "java/util/zip/ZipEntry",
                3,
                0
              ],
              [
                "java/util/jar/JarFile",
                0,
                0
              ],
              [
                "java/util/jar/JarEntry",
                0,
                0
              ],
              [
                "java/util/zip/Adler32",
                0,
                0
              ],
              [
                "java/util/zip/CRC32",
                8,
                5
              ],
              [
                "android/content/Context",
                1282,
                226
              ],
              [
                "android/content/pm/ApplicationInfo",
                50,
                6
              ]
            ],
            "attributes": [[
              "android/content/pm/ApplicationInfo.sourceDir",
              3,
              0
            ]]
          },
          0,
          0
        ],
        "_nameOfTheProtection": [
          "CodeIntegrityChecking",
          0,
          0
        ],
        "nativeLevelPatterns": [
          {
            "strings": [],
            "importedSymbols": []
          },
          0,
          0
        ]
      },
      {
        "javaLevelPatterns": [
          {
            "strings": [
              [
                "com.android.vending",
                10,
                1
              ],
              [
                "com.amazon.venezia",
                1,
                1
              ],
              [
                "com.sec.android.app.samsungapps",
                0,
                0
              ],
              [
                "cm.aptoide.pt",
                0,
                0
              ],
              [
                "org.fdroid.fdroid",
                0,
                0
              ],
              [
                "com.uptodown",
                0,
                0
              ],
              [
                "com.uptodown.lite",
                0,
                0
              ],
              [
                "com.slideme.sam.manager",
                0,
                0
              ],
              [
                "android.content.pm.PackageInfo",
                0,
                0
              ],
              [
                "android.content.pm.PackageManager",
                0,
                0
              ],
              [
                "android.content.Context",
                0,
                0
              ],
              [
                "getInstallerPackageName",
                0,
                0
              ],
              [
                "getPackageManager",
                0,
                0
              ],
              [
                "getPackageName",
                0,
                0
              ],
              [
                "getPackageInfo",
                0,
                0
              ],
              [
                "packageName",
                0,
                0
              ],
              [
                "versionCode",
                0,
                0
              ],
              [
                "versionName",
                0,
                0
              ]
            ],
            "methods": [
              [
                "android/content/pm/PackageManager.getInstallerPackageName",
                5,
                0
              ],
              [
                "android/content/Context.getPackageManager",
                122,
                15
              ],
              [
                "android/content/Context.getPackageName",
                125,
                14
              ],
              [
                "android/content/pm/PackageManager.getPackageInfo",
                39,
                5
              ]
            ],
            "classes": [
              [
                "android/content/pm/PackageInfo",
                60,
                5
              ],
              [
                "android/content/pm/PackageManager",
                157,
                19
              ],
              [
                "android/content/Context",
                1282,
                226
              ]
            ],
            "attributes": [
              [
                "android/content/pm/PackageInfo.packageName",
                5,
                0
              ],
              [
                "android/content/pm/PackageInfo.versionCode",
                17,
                2
              ],
              [
                "android/content/pm/PackageInfo.versionName",
                13,
                3
              ]
            ]
          },
          1,
          0
        ],
        "_nameOfTheProtection": [
          "InstallerVerification",
          0,
          0
        ],
        "nativeLevelPatterns": [
          {
            "strings": [],
            "importedSymbols": []
          },
          0,
          0
        ]
      },
      {
        "javaLevelPatterns": [
          {
            "strings": [
              [
                "basicIntegrity",
                0,
                0
              ],
              [
                "ctsProfileMatch",
                0,
                0
              ],
              [
                "apkDigestSha256",
                0,
                0
              ],
              [
                "apkCertificateDigestSha256",
                0,
                0
              ],
              [
                "apkPackageName",
                0,
                0
              ],
              [
                "timestampMs",
                0,
                0
              ],
              [
                "nonce",
                0,
                0
              ],
              [
                "com.google.android.gms.safetynet.SafetyNet",
                0,
                0
              ],
              [
                "com.google.android.gms.safetynet.SafetyNetClient",
                0,
                0
              ],
              [
                "com.google.android.gms.safetynet.SafetyNetApi",
                0,
                0
              ],
              [
                "com.google.android.gms.safetynet.SafetyNetApi$AttestationResponse",
                0,
                0
              ],
              [
                "getClient",
                0,
                0
              ],
              [
                "attest",
                0,
                0
              ],
              [
                "AttestationResponse.getJwsResult",
                0,
                0
              ]
            ],
            "methods": [
              [
                "com/google/android/gms/safetynet/SafetyNet.getClient",
                0,
                0
              ],
              [
                "com/google/android/gms/safetynet/SafetyNetClient.attest",
                0,
                0
              ],
              [
                "com/google/android/gms/safetynet/SafetyNetApi$AttestationResponse.getJwsResult",
                0,
                0
              ]
            ],
            "classes": [
              [
                "com/google/android/gms/safetynet/SafetyNet",
                0,
                0
              ],
              [
                "com/google/android/gms/safetynet/SafetyNetClient",
                0,
                0
              ],
              [
                "com/google/android/gms/safetynet/SafetyNetApi",
                0,
                0
              ],
              [
                "com/google/android/gms/safetynet/SafetyNetApi$AttestationResponse",
                0,
                0
              ]
            ],
            "attributes": []
          },
          0,
          0
        ],
        "_nameOfTheProtection": [
          "SafetyNetAttestation",
          0,
          0
        ],
        "nativeLevelPatterns": [
          {
            "strings": [],
            "importedSymbols": []
          },
          0,
          0
        ]
      }
    ],
    "categoryName": "Anti-Tampering"
  },
  {
    "protection": [
      {
        "javaLevelPatterns": [
          {
            "strings": [
              [
                "android.os.SystemProperties",
                0,
                0
              ],
              [
                "getprop",
                0,
                0
              ],
              [
                "ro.hardware",
                0,
                0
              ],
              [
                "ro.boot.hardware",
                0,
                0
              ],
              [
                "ro.kernel.androidboot.hardware",
                0,
                0
              ],
              [
                "ro.product.board",
                0,
                0
              ],
              [
                "ro.board.platform",
                0,
                0
              ],
              [
                "ro.product.brand",
                0,
                0
              ],
              [
                "ro.product.device",
                0,
                0
              ],
              [
                "ro.cm.device",
                0,
                0
              ],
              [
                "ro.bootimage.build.fingerprint",
                0,
                0
              ],
              [
                "ro.build.fingerprint",
                0,
                0
              ],
              [
                "ro.product.manufacturer",
                0,
                0
              ],
              [
                "ro.product.model",
                0,
                0
              ],
              [
                "goldfish",
                0,
                0
              ],
              [
                "ranchu",
                0,
                0
              ],
              [
                "vbox86",
                0,
                0
              ],
              [
                "ttVM_x86",
                0,
                0
              ],
              [
                "unknown",
                14,
                1
              ],
              [
                "generic",
                2,
                0
              ],
              [
                "nox",
                0,
                0
              ],
              [
                "FRF91",
                0,
                0
              ],
              [
                "google_sdk",
                1,
                0
              ],
              [
                "generic_x86",
                0,
                0
              ],
              [
                "generic_x86_64",
                0,
                0
              ],
              [
                "Andy",
                0,
                0
              ],
              [
                "Droid4X",
                0,
                0
              ],
              [
                "vbox",
                0,
                0
              ],
              [
                "Genymotion",
                0,
                0
              ],
              [
                "ro.kernel.qemu",
                0,
                0
              ],
              [
                "qemud",
                0,
                0
              ],
              [
                "qemu.sf.lcd_density",
                0,
                0
              ],
              [
                "qemu.hw.mainkeys",
                0,
                0
              ],
              [
                "qemu.sf.fake_camera",
                0,
                0
              ],
              [
                "/dev/socket/qemud",
                0,
                0
              ],
              [
                "/dev/qemu_pipe",
                0,
                0
              ],
              [
                "/system/lib/libc_malloc_debug_qemu.so",
                0,
                0
              ],
              [
                "/sys/qemu_trace",
                0,
                0
              ],
              [
                "/system/bin/qemu-props",
                0,
                0
              ],
              [
                "/dev/socket/genyd",
                0,
                0
              ],
              [
                "/dev/socket/baseband_genyd",
                0,
                0
              ],
              [
                "ro.kernel.android.qemud",
                0,
                0
              ],
              [
                "ro.kernel.qemu.gles",
                0,
                0
              ],
              [
                "init.svc.qemud",
                0,
                0
              ],
              [
                "init.goldfish.rc",
                0,
                0
              ],
              [
                "qemu.sf.fake_camera",
                0,
                0
              ],
              [
                "init.svc.qemu-props",
                0,
                0
              ],
              [
                "java.lang.Class",
                0,
                0
              ],
              [
                "java.lang.reflect.Method",
                0,
                0
              ],
              [
                "android.os.Build",
                0,
                0
              ],
              [
                "android.os.Process",
                0,
                0
              ],
              [
                "java.lang.Runtime",
                0,
                0
              ],
              [
                "java.lang.System",
                0,
                0
              ],
              [
                "android.app.ActivityManager",
                0,
                0
              ],
              [
                "isUserAMonkey",
                0,
                0
              ],
              [
                "forName",
                0,
                0
              ],
              [
                "getMethod",
                0,
                0
              ],
              [
                "invoke",
                0,
                0
              ],
              [
                "getRuntime",
                0,
                0
              ],
              [
                "exec",
                0,
                0
              ],
              [
                "FINGERPRINT",
                0,
                0
              ],
              [
                "MODEL",
                1,
                0
              ],
              [
                "MANUFACTURER",
                0,
                0
              ],
              [
                "BRAND",
                0,
                0
              ],
              [
                "DEVICE",
                0,
                0
              ],
              [
                "PRODUCT",
                1,
                0
              ]
            ],
            "methods": [
              [
                "android/app/ActivityManager.isUserAMonkey",
                0,
                0
              ],
              [
                "java/lang/Class.forName",
                70,
                13
              ],
              [
                "java/lang/Class.getMethod",
                81,
                20
              ],
              [
                "java/lang/reflect/Method.invoke",
                154,
                37
              ],
              [
                "java/lang/Runtime.getRuntime",
                4,
                1
              ],
              [
                "java/lang/Runtime.exec",
                0,
                0
              ]
            ],
            "classes": [
              [
                "java/lang/Class",
                1020,
                272
              ],
              [
                "java/lang/reflect/Method",
                238,
                91
              ],
              [
                "android/os/Build",
                37,
                13
              ],
              [
                "android/os/Process",
                28,
                5
              ],
              [
                "java/lang/Runtime",
                10,
                3
              ],
              [
                "java/lang/System",
                475,
                151
              ],
              [
                "android/app/ActivityManager",
                12,
                4
              ]
            ],
            "attributes": [
              [
                "android/os/Build.HARDWARE",
                0,
                0
              ],
              [
                "android/os/Build.BOARD",
                0,
                0
              ],
              [
                "android/os/Build.BRAND",
                1,
                0
              ],
              [
                "android/os/Build.DEVICE",
                3,
                0
              ],
              [
                "android/os/Build.FINGERPRINT",
                1,
                0
              ],
              [
                "android/os/Build.MODEL",
                20,
                11
              ],
              [
                "android/os/Build.MANUFACTURER",
                6,
                2
              ],
              [
                "android/os/Build.PRODUCT",
                1,
                0
              ]
            ]
          },
          1,
          0
        ],
        "_nameOfTheProtection": [
          "EmulatorDetection",
          0,
          0
        ],
        "nativeLevelPatterns": [
          {
            "strings": [
              [
                "ro.hardware",
                0,
                0
              ],
              [
                "ro.boot.hardware",
                0,
                0
              ],
              [
                "ro.kernel.androidboot.hardware",
                0,
                0
              ],
              [
                "ro.product.board",
                0,
                0
              ],
              [
                "ro.board.platform",
                0,
                0
              ],
              [
                "ro.product.brand",
                0,
                0
              ],
              [
                "ro.product.device",
                0,
                0
              ],
              [
                "ro.cm.device",
                0,
                0
              ],
              [
                "ro.bootimage.build.fingerprint",
                0,
                0
              ],
              [
                "ro.build.fingerprint",
                0,
                0
              ],
              [
                "ro.product.manufacturer",
                0,
                0
              ],
              [
                "ro.product.model",
                0,
                0
              ],
              [
                "goldfish",
                0,
                0
              ],
              [
                "ranchu",
                0,
                0
              ],
              [
                "vbox86",
                0,
                0
              ],
              [
                "ttVM_x86",
                0,
                0
              ],
              [
                "unknown",
                0,
                0
              ],
              [
                "generic",
                0,
                0
              ],
              [
                "google_sdk",
                0,
                0
              ],
              [
                "generic_x86",
                0,
                0
              ],
              [
                "generic_x86_64",
                0,
                0
              ],
              [
                "Andy",
                0,
                0
              ],
              [
                "Droid4X",
                0,
                0
              ],
              [
                "nox",
                0,
                0
              ],
              [
                "FRF91",
                0,
                0
              ],
              [
                "vbox86p",
                0,
                0
              ],
              [
                "Genymotion",
                0,
                0
              ],
              [
                "ro.kernel.qemu",
                0,
                0
              ],
              [
                "qemud",
                0,
                0
              ],
              [
                "qemu.sf.lcd_density",
                0,
                0
              ],
              [
                "qemu.hw.mainkeys",
                0,
                0
              ],
              [
                "qemu.sf.fake_camera",
                0,
                0
              ],
              [
                "/dev/socket/qemud",
                0,
                0
              ],
              [
                "/dev/qemu_pipe",
                0,
                0
              ],
              [
                "/system/lib/libc_malloc_debug_qemu.so",
                0,
                0
              ],
              [
                "/sys/qemu_trace",
                0,
                0
              ],
              [
                "/system/bin/qemu-props",
                0,
                0
              ],
              [
                "/dev/socket/genyd",
                0,
                0
              ],
              [
                "/dev/socket/baseband_genyd",
                0,
                0
              ],
              [
                "ro.kernel.android.qemud",
                0,
                0
              ],
              [
                "ro.kernel.qemu.gles",
                0,
                0
              ],
              [
                "init.svc.qemud",
                0,
                0
              ],
              [
                "init.goldfish.rc",
                0,
                0
              ],
              [
                "qemu.sf.fake_camera",
                0,
                0
              ],
              [
                "init.svc.qemu-props",
                0,
                0
              ]
            ],
            "importedSymbols": []
          },
          0,
          0
        ]
      },
      {
        "javaLevelPatterns": [
          {
            "strings": [
              [
                "com.saurik.substrate",
                0,
                0
              ],
              [
                "com.saurik.substrate.MS$2",
                0,
                0
              ],
              [
                "de.robv.android.xposed.XposedBridge",
                0,
                0
              ],
              [
                "XposedBridge.jar",
                0,
                0
              ],
              [
                "xposed",
                0,
                0
              ],
              [
                "fridaserver",
                0,
                0
              ],
              [
                "LIBFRIDA",
                0,
                0
              ],
              [
                "frida",
                0,
                0
              ],
              [
                "frida-gadget",
                0,
                0
              ],
              [
                "frida-agent",
                0,
                0
              ],
              [
                "/proc/self/maps",
                0,
                0
              ],
              [
                "classes.dex",
                1,
                0
              ],
              [
                "classes2.dex",
                0,
                0
              ],
              [
                "classes3.dex",
                0,
                0
              ],
              [
                "classes4.dex",
                0,
                0
              ],
              [
                "classes5.dex",
                0,
                0
              ],
              [
                "dalvik.system.DexFile",
                0,
                0
              ],
              [
                "java.lang.StackTraceElement",
                0,
                0
              ],
              [
                "android.app.ActivityManager$RunningServiceInfo",
                0,
                0
              ],
              [
                "android.app.ActivityManager",
                0,
                0
              ],
              [
                "android.content.pm.ApplicationInfo",
                0,
                0
              ],
              [
                "java.util.Enumeration",
                0,
                0
              ],
              [
                "java.lang.reflect.Modifier",
                0,
                0
              ],
              [
                "getClassName",
                0,
                0
              ],
              [
                "getMethodName",
                0,
                0
              ],
              [
                "getRunningServices",
                0,
                0
              ],
              [
                "getPackageCodePath",
                0,
                0
              ],
              [
                "isNative",
                1,
                0
              ],
              [
                "entries",
                0,
                0
              ],
              [
                "hasMoreElements",
                0,
                0
              ],
              [
                "nextElement",
                0,
                0
              ],
              [
                "sourceDir",
                0,
                0
              ],
              [
                "process",
                0,
                0
              ],
              [
                "processName",
                0,
                0
              ]
            ],
            "methods": [
              [
                "java/lang/StackTraceElement.getClassName",
                12,
                0
              ],
              [
                "java/lang/StackTraceElement.getMethodName",
                4,
                0
              ],
              [
                "android/app/ActivityManager.getRunningServices",
                0,
                0
              ],
              [
                "android/content/Context.getPackageCodePath",
                0,
                0
              ],
              [
                "java/lang/reflect/Modifier.isNative",
                0,
                0
              ],
              [
                "dalvik/system/DexFile.entries",
                0,
                0
              ],
              [
                "java/util/Enumeration.hasMoreElements",
                3,
                2
              ],
              [
                "java/util/Enumeration.nextElement",
                3,
                2
              ]
            ],
            "classes": [
              [
                "dalvik/system/DexFile",
                1,
                0
              ],
              [
                "java/lang/StackTraceElement",
                21,
                0
              ],
              [
                "android/app/ActivityManager$RunningServiceInfo",
                0,
                0
              ],
              [
                "android/app/ActivityManager",
                12,
                4
              ],
              [
                "android/content/pm/ApplicationInfo",
                50,
                6
              ],
              [
                "java/util/Enumeration",
                6,
                4
              ],
              [
                "java/lang/reflect/Modifier",
                17,
                9
              ]
            ],
            "attributes": [
              [
                "android/content/pm/ApplicationInfo.sourceDir",
                3,
                0
              ],
              [
                "android/app/ActivityManager$RunningServiceInfo.process",
                0,
                0
              ],
              [
                "android/content/pm/ApplicationInfo.processName",
                2,
                0
              ]
            ]
          },
          0,
          0
        ],
        "_nameOfTheProtection": [
          "DynamicAnalysisFrameworkDetection",
          0,
          0
        ],
        "nativeLevelPatterns": [
          {
            "strings": [
              [
                "com.saurik.substrate",
                0,
                0
              ],
              [
                "com.saurik.substrate.MS$2",
                0,
                0
              ],
              [
                "de.robv.android.xposed.XposedBridge",
                0,
                0
              ],
              [
                "XposedBridge.jar",
                0,
                0
              ],
              [
                "xposed",
                0,
                0
              ],
              [
                "fridaserver",
                0,
                0
              ],
              [
                "LIBFRIDA",
                0,
                0
              ],
              [
                "frida",
                0,
                0
              ],
              [
                "frida-gadget",
                0,
                0
              ],
              [
                "frida-agent",
                0,
                0
              ],
              [
                "127.0.0.1",
                0,
                0
              ],
              [
                "REJECT",
                0,
                0
              ],
              [
                "/proc/self/maps",
                0,
                0
              ]
            ],
            "importedSymbols": []
          },
          0,
          0
        ]
      },
      {
        "javaLevelPatterns": [
          {
            "strings": [
              [
                "TracerPid",
                0,
                0
              ],
              [
                "/proc/self/status",
                0,
                0
              ],
              [
                "/proc/",
                0,
                0
              ],
              [
                "/status",
                0,
                0
              ],
              [
                "pid",
                0,
                0
              ],
              [
                "android.os.Debug",
                0,
                0
              ],
              [
                "android.app.ActivityManager",
                0,
                0
              ],
              [
                "isDebuggerConnected",
                0,
                0
              ],
              [
                "waitingForDebugger",
                0,
                0
              ],
              [
                "isRunningInTestHarness",
                0,
                0
              ]
            ],
            "methods": [
              [
                "android/os/Debug.isDebuggerConnected",
                0,
                0
              ],
              [
                "android/os/Debug.waitingForDebugger",
                0,
                0
              ],
              [
                "android/app/ActivityManager.isRunningInTestHarness",
                0,
                0
              ]
            ],
            "classes": [
              [
                "android/os/Debug",
                1,
                0
              ],
              [
                "android/app/ActivityManager",
                12,
                4
              ]
            ],
            "attributes": []
          },
          0,
          0
        ],
        "_nameOfTheProtection": [
          "DebuggerDetection",
          0,
          0
        ],
        "nativeLevelPatterns": [
          {
            "strings": [
              [
                "TracerPid",
                0,
                0
              ],
              [
                "/proc/self/status",
                0,
                0
              ],
              [
                "/proc/",
                0,
                0
              ],
              [
                "/status",
                0,
                0
              ],
              [
                "pid",
                0,
                0
              ]
            ],
            "importedSymbols": [
              [
                "fork",
                0,
                0
              ],
              [
                "getppid",
                0,
                0
              ],
              [
                "ptrace",
                0,
                0
              ],
              [
                "waitpid",
                0,
                0
              ],
              [
                "pthread_create",
                0,
                0
              ],
              [
                "pthread_exit",
                0,
                0
              ],
              [
                "WIFSTOPPED",
                0,
                0
              ],
              [
                "pthread_t",
                0,
                0
              ]
            ]
          },
          0,
          0
        ]
      },
      {
        "javaLevelPatterns": [
          {
            "strings": [
              [
                "ro.debuggable",
                0,
                0
              ],
              [
                "getprop",
                0,
                0
              ],
              [
                "android.os.SystemProperties",
                0,
                0
              ],
              [
                "android.content.Context",
                0,
                0
              ],
              [
                "android.content.pm.ApplicationInfo",
                0,
                0
              ],
              [
                "android.os.Process",
                0,
                0
              ],
              [
                "java.lang.Runtime",
                0,
                0
              ],
              [
                "java.lang.System",
                0,
                0
              ],
              [
                "com.motivebite.smokefree.free.BuildConfig",
                0,
                0
              ],
              [
                "getApplicationInfo",
                0,
                0
              ],
              [
                "getRuntime",
                0,
                0
              ],
              [
                "exec",
                0,
                0
              ],
              [
                "flags",
                7,
                0
              ],
              [
                "FLAG_DEBUGGABLE",
                0,
                0
              ],
              [
                "DEBUG",
                3,
                0
              ]
            ],
            "methods": [
              [
                "android/content/Context.getApplicationInfo",
                22,
                6
              ],
              [
                "java/lang/Runtime.getRuntime",
                4,
                1
              ],
              [
                "java/lang/Runtime.exec",
                0,
                0
              ]
            ],
            "classes": [
              [
                "android/content/Context",
                1282,
                226
              ],
              [
                "android/content/pm/ApplicationInfo",
                50,
                6
              ],
              [
                "android/os/Process",
                28,
                5
              ],
              [
                "java/lang/Runtime",
                10,
                3
              ],
              [
                "java/lang/System",
                475,
                151
              ],
              [
                "com.motivebite.smokefree.free/BuildConfig",
                0,
                0
              ]
            ],
            "attributes": [
              [
                "android/content/pm/ApplicationInfo.flags",
                3,
                1
              ],
              [
                "android/content/pm/ApplicationInfo.FLAG_DEBUGGABLE",
                0,
                0
              ],
              [
                "com.motivebite.smokefree.free/BuildConfig.DEBUG",
                0,
                0
              ]
            ]
          },
          0,
          0
        ],
        "_nameOfTheProtection": [
          "DebuggableStatusDetection",
          0,
          0
        ],
        "nativeLevelPatterns": [
          {
            "strings": [[
              "ro.debuggable",
              0,
              0
            ]],
            "importedSymbols": []
          },
          0,
          0
        ]
      },
      {
        "javaLevelPatterns": [
          {
            "strings": [
              [
                "android.os.Debug",
                0,
                0
              ],
              [
                "java.lang.System",
                0,
                0
              ],
              [
                "java.time.Instant",
                0,
                0
              ],
              [
                "java.util.Date",
                0,
                0
              ],
              [
                "android.util.TimingLogger",
                0,
                0
              ],
              [
                "threadCpuTimeNanos",
                0,
                0
              ],
              [
                "nanoTime",
                0,
                0
              ],
              [
                "currentTimeMillis",
                0,
                0
              ],
              [
                "toEpochMilli",
                0,
                0
              ],
              [
                "getTime",
                0,
                0
              ],
              [
                "addSplit",
                0,
                0
              ],
              [
                "dumpToLog",
                0,
                0
              ]
            ],
            "methods": [
              [
                "android/os/Debug.threadCpuTimeNanos",
                0,
                0
              ],
              [
                "java/lang/System.nanoTime",
                29,
                14
              ],
              [
                "java/lang/System.currentTimeMillis",
                137,
                48
              ],
              [
                "java/time/Instant.toEpochMilli",
                0,
                0
              ],
              [
                "java/util/Date.getTime",
                89,
                76
              ],
              [
                "android/util/TimingLogger.addSplit",
                0,
                0
              ],
              [
                "android/util/TimingLogger.dumpToLog",
                0,
                0
              ]
            ],
            "classes": [
              [
                "android/os/Debug",
                1,
                0
              ],
              [
                "java/lang/System",
                475,
                151
              ],
              [
                "java/time/Instant",
                0,
                0
              ],
              [
                "java/util/Date",
                217,
                168
              ],
              [
                "android/util/TimingLogger",
                0,
                0
              ]
            ],
            "attributes": []
          },
          1,
          1
        ],
        "_nameOfTheProtection": [
          "TimeChecks",
          0,
          0
        ],
        "nativeLevelPatterns": [
          {
            "strings": [],
            "importedSymbols": []
          },
          0,
          0
        ]
      },
      {
        "javaLevelPatterns": [
          {
            "strings": [],
            "methods": [],
            "classes": [],
            "attributes": []
          },
          0,
          0
        ],
        "_nameOfTheProtection": [
          "AlteringDebuggerMemoryStructure",
          0,
          0
        ],
        "nativeLevelPatterns": [
          {
            "strings": [
              [
                "libart.so",
                0,
                0
              ],
              [
                "_ZTVN3art4JDWP12JdwpAdbStateE",
                0,
                0
              ]
            ],
            "importedSymbols": [[
              "gDvm",
              0,
              0
            ]]
          },
          0,
          0
        ]
      }
    ],
    "categoryName": "Anti-Debugging"
  }
]}